{
  "flutter": {
    "platforms": {
      "android": {
        "default": {
          "projectId": "buildyourself-77354",
          "appId": "1:767200340950:android:59ad4c142d103104a49277",
          "fileOutput": "android/app/google-services.json"
        }
      },
      "dart": {
        "lib/firebase_options.dart": {
          "projectId": "buildyourself-77354",
          "configurations": {
            "android": "1:767200340950:android:59ad4c142d103104a49277",
            "ios": "1:767200340950:ios:11f85daf35b2fbe2a49277"
          }
        }
      }
    }
  },
  "functions": [
    {
      "source": "functions",
      "codebase": "default",
      "ignore": [
        "node_modules",
        ".git",
        "firebase-debug.log",
        "firebase-debug.*.log",
        "*.local"
      ],
      "predeploy": [
        "npm --prefix \"$RESOURCE_DIR\" run lint"
      ]
    }
  ]
}
