{
  "project_info": {
    "project_number": "767200340950",
    "firebase_url": "https://buildyourself-77354-default-rtdb.europe-west1.firebasedatabase.app",
    "project_id": "buildyourself-77354",
    "storage_bucket": "buildyourself-77354.appspot.com"
  },
  "client": [
    {
      "client_info": {
        "mobilesdk_app_id": "1:767200340950:android:4d8e19b7b28bafc5a49277",
        "android_client_info": {
          "package_name": "com.example.buildyourself"
        }
      },
      "oauth_client": [],
      "api_key": [
        {
          "current_key": "AIzaSyAXTDQBlfz5-c0ij1--QMCYuRAYPXWppME"
        }
      ],
      "services": {
        "appinvite_service": {
          "other_platform_oauth_client": []
        }
      }
    },
    {
      "client_info": {
        "mobilesdk_app_id": "1:767200340950:android:59ad4c142d103104a49277",
        "android_client_info": {
          "package_name": "com.example.testapp"
        }
      },
      "oauth_client": [],
      "api_key": [
        {
          "current_key": "AIzaSyAXTDQBlfz5-c0ij1--QMCYuRAYPXWppME"
        }
      ],
      "services": {
        "appinvite_service": {
          "other_platform_oauth_client": []
        }
      }
    }
  ],
  "configuration_version": "1"
}